{
  "__type__": "cc.SpriteFrame",
  "content": {
    "name": "key",
    "atlas": "",
    "rect": {
      "x": 13,
      "y": 3,
      "width": 118,
      "height": 139
    },
    "offset": {
      "x": -0.5,
      "y": 0
    },
    "originalSize": {
      "width": 145,
      "height": 145
    },
    "rotated": false,
    "capInsets": [
      0,
      0,
      0,
      0
    ],
    "vertices": {
      "rawPosition": [
        -59,
        -69.5,
        0,
        59,
        -69.5,
        0,
        -59,
        69.5,
        0,
        59,
        69.5,
        0
      ],
      "indexes": [
        0,
        1,
        2,
        2,
        1,
        3
      ],
      "uv": [
        13,
        142,
        131,
        142,
        13,
        3,
        131,
        3
      ],
      "nuv": [
        0.0896551724137931,
        0.020689655172413793,
        0.903448275862069,
        0.020689655172413793,
        0.0896551724137931,
        0.9793103448275862,
        0.903448275862069,
        0.9793103448275862
      ],
      "minPos": {
        "x": -59,
        "y": -69.5,
        "z": 0
      },
      "maxPos": {
        "x": 59,
        "y": 69.5,
        "z": 0
      }
    },
    "texture": "0e2b4487-8ceb-454c-88fa-4eaf38ea8052@6c48a",
    "packable": true,
    "pixelsToUnit": 100,
    "pivot": {
      "x": 0.5,
      "y": 0.5
    },
    "meshType": 0
  }
}