{
  "__type__": "cc.SpriteFrame",
  "content": {
    "name": "watch3",
    "atlas": "",
    "rect": {
      "x": 3,
      "y": 8,
      "width": 140,
      "height": 130
    },
    "offset": {
      "x": 0.5,
      "y": -0.5
    },
    "originalSize": {
      "width": 145,
      "height": 145
    },
    "rotated": false,
    "capInsets": [
      0,
      0,
      0,
      0
    ],
    "vertices": {
      "rawPosition": [
        -70,
        -65,
        0,
        70,
        -65,
        0,
        -70,
        65,
        0,
        70,
        65,
        0
      ],
      "indexes": [
        0,
        1,
        2,
        2,
        1,
        3
      ],
      "uv": [
        3,
        137,
        143,
        137,
        3,
        7,
        143,
        7
      ],
      "nuv": [
        0.020689655172413793,
        0.04827586206896552,
        0.9862068965517241,
        0.04827586206896552,
        0.020689655172413793,
        0.9448275862068966,
        0.9862068965517241,
        0.9448275862068966
      ],
      "minPos": {
        "x": -70,
        "y": -65,
        "z": 0
      },
      "maxPos": {
        "x": 70,
        "y": 65,
        "z": 0
      }
    },
    "texture": "ed9716cc-122a-43d9-b8f4-1196ca3dfa7b@6c48a",
    "packable": true,
    "pixelsToUnit": 100,
    "pivot": {
      "x": 0.5,
      "y": 0.5
    },
    "meshType": 0
  }
}