{
  "__type__": "cc.SpriteFrame",
  "content": {
    "name": "left_bt0",
    "atlas": "",
    "rect": {
      "x": 33,
      "y": 86,
      "width": 58,
      "height": 110
    },
    "offset": {
      "x": 0.5,
      "y": 0
    },
    "originalSize": {
      "width": 123,
      "height": 282
    },
    "rotated": false,
    "capInsets": [
      0,
      0,
      0,
      0
    ],
    "vertices": {
      "rawPosition": [
        -29,
        -55,
        0,
        29,
        -55,
        0,
        -29,
        55,
        0,
        29,
        55,
        0
      ],
      "indexes": [
        0,
        1,
        2,
        2,
        1,
        3
      ],
      "uv": [
        33,
        196,
        91,
        196,
        33,
        86,
        91,
        86
      ],
      "nuv": [
        0.2682926829268293,
        0.3049645390070922,
        0.7398373983739838,
        0.3049645390070922,
        0.2682926829268293,
        0.6950354609929078,
        0.7398373983739838,
        0.6950354609929078
      ],
      "minPos": {
        "x": -29,
        "y": -55,
        "z": 0
      },
      "maxPos": {
        "x": 29,
        "y": 55,
        "z": 0
      }
    },
    "texture": "dd17a6f8-287e-4b17-a665-c155f74fa6d5@6c48a",
    "packable": true,
    "pixelsToUnit": 100,
    "pivot": {
      "x": 0.5,
      "y": 0.5
    },
    "meshType": 0
  }
}