{
  "__type__": "cc.SpriteFrame",
  "content": {
    "name": "phone3",
    "atlas": "",
    "rect": {
      "x": 4,
      "y": 0,
      "width": 136,
      "height": 145
    },
    "offset": {
      "x": -0.5,
      "y": 0
    },
    "originalSize": {
      "width": 145,
      "height": 145
    },
    "rotated": false,
    "capInsets": [
      0,
      0,
      0,
      0
    ],
    "vertices": {
      "rawPosition": [
        -68,
        -72.5,
        0,
        68,
        -72.5,
        0,
        -68,
        72.5,
        0,
        68,
        72.5,
        0
      ],
      "indexes": [
        0,
        1,
        2,
        2,
        1,
        3
      ],
      "uv": [
        4,
        145,
        140,
        145,
        4,
        0,
        140,
        0
      ],
      "nuv": [
        0.027586206896551724,
        0,
        0.9655172413793104,
        0,
        0.027586206896551724,
        1,
        0.9655172413793104,
        1
      ],
      "minPos": {
        "x": -68,
        "y": -72.5,
        "z": 0
      },
      "maxPos": {
        "x": 68,
        "y": 72.5,
        "z": 0
      }
    },
    "texture": "d4385dbb-bed4-4af6-9101-68f7412d086f@6c48a",
    "packable": true,
    "pixelsToUnit": 100,
    "pivot": {
      "x": 0.5,
      "y": 0.5
    },
    "meshType": 0
  }
}