{
  "__type__": "cc.SpriteFrame",
  "content": {
    "name": "bt01",
    "atlas": "",
    "rect": {
      "x": 20,
      "y": 20,
      "width": 520,
      "height": 123
    },
    "offset": {
      "x": 0,
      "y": 0
    },
    "originalSize": {
      "width": 560,
      "height": 163
    },
    "rotated": false,
    "capInsets": [
      0,
      0,
      0,
      0
    ],
    "vertices": {
      "rawPosition": [
        -260,
        -61.5,
        0,
        260,
        -61.5,
        0,
        -260,
        61.5,
        0,
        260,
        61.5,
        0
      ],
      "indexes": [
        0,
        1,
        2,
        2,
        1,
        3
      ],
      "uv": [
        20,
        143,
        540,
        143,
        20,
        20,
        540,
        20
      ],
      "nuv": [
        0.03571428571428571,
        0.12269938650306748,
        0.9642857142857143,
        0.12269938650306748,
        0.03571428571428571,
        0.8773006134969326,
        0.9642857142857143,
        0.8773006134969326
      ],
      "minPos": {
        "x": -260,
        "y": -61.5,
        "z": 0
      },
      "maxPos": {
        "x": 260,
        "y": 61.5,
        "z": 0
      }
    },
    "texture": "69f16a2d-b2ef-4d81-8902-92bf8ff03b81@6c48a",
    "packable": true,
    "pixelsToUnit": 100,
    "pivot": {
      "x": 0.5,
      "y": 0.5
    },
    "meshType": 0
  }
}