{
  "__type__": "cc.SpriteFrame",
  "content": {
    "name": "pc",
    "atlas": "",
    "rect": {
      "x": 513,
      "y": 80,
      "width": 895,
      "height": 933
    },
    "offset": {
      "x": 0.5,
      "y": -6.5
    },
    "originalSize": {
      "width": 1920,
      "height": 1080
    },
    "rotated": false,
    "capInsets": [
      0,
      0,
      0,
      0
    ],
    "vertices": {
      "rawPosition": [
        -447.5,
        -466.5,
        0,
        447.5,
        -466.5,
        0,
        -447.5,
        466.5,
        0,
        447.5,
        466.5,
        0
      ],
      "indexes": [
        0,
        1,
        2,
        2,
        1,
        3
      ],
      "uv": [
        513,
        1000,
        1408,
        1000,
        513,
        67,
        1408,
        67
      ],
      "nuv": [
        0.2671875,
        0.062037037037037036,
        0.7333333333333333,
        0.062037037037037036,
        0.2671875,
        0.9259259259259259,
        0.7333333333333333,
        0.9259259259259259
      ],
      "minPos": {
        "x": -447.5,
        "y": -466.5,
        "z": 0
      },
      "maxPos": {
        "x": 447.5,
        "y": 466.5,
        "z": 0
      }
    },
    "texture": "13421350-a9b7-470c-a188-5f6f3adbcef5@6c48a",
    "packable": true,
    "pixelsToUnit": 100,
    "pivot": {
      "x": 0.5,
      "y": 0.5
    },
    "meshType": 0
  }
}