{
  "__type__": "cc.SpriteFrame",
  "content": {
    "name": "title_success",
    "atlas": "",
    "rect": {
      "x": 35,
      "y": 4,
      "width": 618,
      "height": 327
    },
    "offset": {
      "x": -1,
      "y": -2
    },
    "originalSize": {
      "width": 690,
      "height": 331
    },
    "rotated": false,
    "capInsets": [
      0,
      0,
      0,
      0
    ],
    "vertices": {
      "rawPosition": [
        -309,
        -163.5,
        0,
        309,
        -163.5,
        0,
        -309,
        163.5,
        0,
        309,
        163.5,
        0
      ],
      "indexes": [
        0,
        1,
        2,
        2,
        1,
        3
      ],
      "uv": [
        35,
        327,
        653,
        327,
        35,
        0,
        653,
        0
      ],
      "nuv": [
        0.050724637681159424,
        0,
        0.946376811594203,
        0,
        0.050724637681159424,
        0.9879154078549849,
        0.946376811594203,
        0.9879154078549849
      ],
      "minPos": {
        "x": -309,
        "y": -163.5,
        "z": 0
      },
      "maxPos": {
        "x": 309,
        "y": 163.5,
        "z": 0
      }
    },
    "texture": "06033afd-ba68-4c49-9c2a-fad528c19cc5@6c48a",
    "packable": true,
    "pixelsToUnit": 100,
    "pivot": {
      "x": 0.5,
      "y": 0.5
    },
    "meshType": 0
  }
}